{
  "ABIRoot": {
    "kind": "Root",
    "name": "TopLevel",
    "printedName": "TopLevel",
    "children": [
      {
        "kind": "Import",
        "name": "Foundation",
        "printedName": "Foundation",
        "declKind": "Import",
        "moduleName": "SecuredCalls",
        "declAttributes": [
          "RawDocComment"
        ]
      },
      {
        "kind": "Import",
        "name": "CoreData",
        "printedName": "CoreData",
        "declKind": "Import",
        "moduleName": "SecuredCalls"
      },
      {
        "kind": "Import",
        "name": "Foundation",
        "printedName": "Foundation",
        "declKind": "Import",
        "moduleName": "SecuredCalls",
        "declAttributes": [
          "RawDocComment"
        ]
      },
      {
        "kind": "Import",
        "name": "UIKit",
        "printedName": "UIKit",
        "declKind": "Import",
        "moduleName": "SecuredCalls"
      },
      {
        "kind": "Import",
        "name": "Foundation",
        "printedName": "Foundation",
        "declKind": "Import",
        "moduleName": "SecuredCalls",
        "declAttributes": [
          "RawDocComment"
        ]
      },
      {
        "kind": "Import",
        "name": "OSLog",
        "printedName": "OSLog",
        "declKind": "Import",
        "moduleName": "SecuredCalls"
      },
      {
        "kind": "Import",
        "name": "Foundation",
        "printedName": "Foundation",
        "declKind": "Import",
        "moduleName": "SecuredCalls",
        "declAttributes": [
          "RawDocComment"
        ]
      },
      {
        "kind": "Import",
        "name": "Foundation",
        "printedName": "Foundation",
        "declKind": "Import",
        "moduleName": "SecuredCalls",
        "declAttributes": [
          "RawDocComment"
        ]
      },
      {
        "kind": "Import",
        "name": "Foundation",
        "printedName": "Foundation",
        "declKind": "Import",
        "moduleName": "SecuredCalls",
        "declAttributes": [
          "RawDocComment"
        ]
      },
      {
        "kind": "Import",
        "name": "Foundation",
        "printedName": "Foundation",
        "declKind": "Import",
        "moduleName": "SecuredCalls",
        "declAttributes": [
          "RawDocComment"
        ]
      },
      {
        "kind": "Import",
        "name": "CoreData",
        "printedName": "CoreData",
        "declKind": "Import",
        "moduleName": "SecuredCalls"
      },
      {
        "kind": "Import",
        "name": "Foundation",
        "printedName": "Foundation",
        "declKind": "Import",
        "moduleName": "SecuredCalls",
        "declAttributes": [
          "RawDocComment"
        ]
      },
      {
        "kind": "Import",
        "name": "Foundation",
        "printedName": "Foundation",
        "declKind": "Import",
        "moduleName": "SecuredCalls",
        "declAttributes": [
          "RawDocComment"
        ]
      },
      {
        "kind": "Import",
        "name": "CoreData",
        "printedName": "CoreData",
        "declKind": "Import",
        "moduleName": "SecuredCalls"
      },
      {
        "kind": "Import",
        "name": "Foundation",
        "printedName": "Foundation",
        "declKind": "Import",
        "moduleName": "SecuredCalls",
        "declAttributes": [
          "RawDocComment"
        ]
      },
      {
        "kind": "Import",
        "name": "Foundation",
        "printedName": "Foundation",
        "declKind": "Import",
        "moduleName": "SecuredCalls",
        "declAttributes": [
          "RawDocComment"
        ]
      },
      {
        "kind": "Import",
        "name": "CoreData",
        "printedName": "CoreData",
        "declKind": "Import",
        "moduleName": "SecuredCalls"
      },
      {
        "kind": "Import",
        "name": "Foundation",
        "printedName": "Foundation",
        "declKind": "Import",
        "moduleName": "SecuredCalls",
        "declAttributes": [
          "RawDocComment"
        ]
      },
      {
        "kind": "Import",
        "name": "os",
        "printedName": "os",
        "declKind": "Import",
        "moduleName": "SecuredCalls"
      },
      {
        "kind": "Import",
        "name": "UserNotifications",
        "printedName": "UserNotifications",
        "declKind": "Import",
        "moduleName": "SecuredCalls"
      },
      {
        "kind": "TypeDecl",
        "name": "SC",
        "printedName": "SC",
        "children": [
          {
            "kind": "Function",
            "name": "processNotificationAsync",
            "printedName": "processNotificationAsync(request:withContentHandler:)",
            "children": [
              {
                "kind": "TypeNominal",
                "name": "Void",
                "printedName": "()"
              },
              {
                "kind": "TypeNominal",
                "name": "UNNotificationRequest",
                "printedName": "UserNotifications.UNNotificationRequest",
                "usr": "c:objc(cs)UNNotificationRequest"
              },
              {
                "kind": "TypeFunc",
                "name": "Function",
                "printedName": "(UserNotifications.UNNotificationContent) -> ()",
                "children": [
                  {
                    "kind": "TypeNominal",
                    "name": "Void",
                    "printedName": "()"
                  },
                  {
                    "kind": "TypeNominal",
                    "name": "UNNotificationContent",
                    "printedName": "UserNotifications.UNNotificationContent",
                    "usr": "c:objc(cs)UNNotificationContent"
                  }
                ]
              }
            ],
            "declKind": "Func",
            "usr": "s:12SecuredCalls2SCC24processNotificationAsync7request18withContentHandlerySo21UNNotificationRequestC_ySo0kI0CctYaFZ",
            "mangledName": "$s12SecuredCalls2SCC24processNotificationAsync7request18withContentHandlerySo21UNNotificationRequestC_ySo0kI0CctYaFZ",
            "moduleName": "SecuredCalls",
            "static": true,
            "declAttributes": [
              "AccessControl"
            ],
            "funcSelfKind": "NonMutating"
          },
          {
            "kind": "Function",
            "name": "registerDeviceAsync",
            "printedName": "registerDeviceAsync(token:)",
            "children": [
              {
                "kind": "TypeNominal",
                "name": "Result",
                "printedName": "Swift.Result<Swift.Bool, any Swift.Error>",
                "children": [
                  {
                    "kind": "TypeNominal",
                    "name": "Bool",
                    "printedName": "Swift.Bool",
                    "usr": "s:Sb"
                  },
                  {
                    "kind": "TypeNominal",
                    "name": "Error",
                    "printedName": "any Swift.Error",
                    "usr": "s:s5ErrorP"
                  }
                ],
                "usr": "s:s6ResultO"
              },
              {
                "kind": "TypeNominal",
                "name": "String",
                "printedName": "Swift.String",
                "usr": "s:SS"
              }
            ],
            "declKind": "Func",
            "usr": "s:12SecuredCalls2SCC19registerDeviceAsync5tokens6ResultOySbs5Error_pGSS_tYaFZ",
            "mangledName": "$s12SecuredCalls2SCC19registerDeviceAsync5tokens6ResultOySbs5Error_pGSS_tYaFZ",
            "moduleName": "SecuredCalls",
            "static": true,
            "declAttributes": [
              "AccessControl",
              "RawDocComment"
            ],
            "funcSelfKind": "NonMutating"
          },
          {
            "kind": "Function",
            "name": "saveMobileNumberAsync",
            "printedName": "saveMobileNumberAsync(mobileNumber:)",
            "children": [
              {
                "kind": "TypeNominal",
                "name": "Result",
                "printedName": "Swift.Result<Swift.Bool, any Swift.Error>",
                "children": [
                  {
                    "kind": "TypeNominal",
                    "name": "Bool",
                    "printedName": "Swift.Bool",
                    "usr": "s:Sb"
                  },
                  {
                    "kind": "TypeNominal",
                    "name": "Error",
                    "printedName": "any Swift.Error",
                    "usr": "s:s5ErrorP"
                  }
                ],
                "usr": "s:s6ResultO"
              },
              {
                "kind": "TypeNominal",
                "name": "String",
                "printedName": "Swift.String",
                "usr": "s:SS"
              }
            ],
            "declKind": "Func",
            "usr": "s:12SecuredCalls2SCC21saveMobileNumberAsync06mobileF0s6ResultOySbs5Error_pGSS_tYaFZ",
            "mangledName": "$s12SecuredCalls2SCC21saveMobileNumberAsync06mobileF0s6ResultOySbs5Error_pGSS_tYaFZ",
            "moduleName": "SecuredCalls",
            "static": true,
            "declAttributes": [
              "AccessControl"
            ],
            "funcSelfKind": "NonMutating"
          },
          {
            "kind": "Function",
            "name": "requestContactAccessAsync",
            "printedName": "requestContactAccessAsync()",
            "children": [
              {
                "kind": "TypeNominal",
                "name": "Void",
                "printedName": "()"
              }
            ],
            "declKind": "Func",
            "usr": "s:12SecuredCalls2SCC25requestContactAccessAsyncyyYaFZ",
            "mangledName": "$s12SecuredCalls2SCC25requestContactAccessAsyncyyYaFZ",
            "moduleName": "SecuredCalls",
            "static": true,
            "declAttributes": [
              "AccessControl"
            ],
            "funcSelfKind": "NonMutating"
          },
          {
            "kind": "Function",
            "name": "requestNotificationPermissionAsync",
            "printedName": "requestNotificationPermissionAsync()",
            "children": [
              {
                "kind": "TypeNominal",
                "name": "Void",
                "printedName": "()"
              }
            ],
            "declKind": "Func",
            "usr": "s:12SecuredCalls2SCC34requestNotificationPermissionAsyncyyYaFZ",
            "mangledName": "$s12SecuredCalls2SCC34requestNotificationPermissionAsyncyyYaFZ",
            "moduleName": "SecuredCalls",
            "static": true,
            "declAttributes": [
              "AccessControl"
            ],
            "funcSelfKind": "NonMutating"
          },
          {
            "kind": "Function",
            "name": "getRegisterationStatusAsync",
            "printedName": "getRegisterationStatusAsync()",
            "children": [
              {
                "kind": "TypeNominal",
                "name": "Result",
                "printedName": "Swift.Result<SecuredCalls.RegisterationStatus, any Swift.Error>",
                "children": [
                  {
                    "kind": "TypeNominal",
                    "name": "RegisterationStatus",
                    "printedName": "SecuredCalls.RegisterationStatus",
                    "usr": "s:12SecuredCalls19RegisterationStatusO"
                  },
                  {
                    "kind": "TypeNominal",
                    "name": "Error",
                    "printedName": "any Swift.Error",
                    "usr": "s:s5ErrorP"
                  }
                ],
                "usr": "s:s6ResultO"
              }
            ],
            "declKind": "Func",
            "usr": "s:12SecuredCalls2SCC27getRegisterationStatusAsyncs6ResultOyAA0eF0Os5Error_pGyYaFZ",
            "mangledName": "$s12SecuredCalls2SCC27getRegisterationStatusAsyncs6ResultOyAA0eF0Os5Error_pGyYaFZ",
            "moduleName": "SecuredCalls",
            "static": true,
            "declAttributes": [
              "AccessControl"
            ],
            "funcSelfKind": "NonMutating"
          },
          {
            "kind": "Function",
            "name": "getRegisteredMobileNumberAsync",
            "printedName": "getRegisteredMobileNumberAsync()",
            "children": [
              {
                "kind": "TypeNominal",
                "name": "Result",
                "printedName": "Swift.Result<Swift.String, any Swift.Error>",
                "children": [
                  {
                    "kind": "TypeNominal",
                    "name": "String",
                    "printedName": "Swift.String",
                    "usr": "s:SS"
                  },
                  {
                    "kind": "TypeNominal",
                    "name": "Error",
                    "printedName": "any Swift.Error",
                    "usr": "s:s5ErrorP"
                  }
                ],
                "usr": "s:s6ResultO"
              }
            ],
            "declKind": "Func",
            "usr": "s:12SecuredCalls2SCC30getRegisteredMobileNumberAsyncs6ResultOySSs5Error_pGyYaFZ",
            "mangledName": "$s12SecuredCalls2SCC30getRegisteredMobileNumberAsyncs6ResultOySSs5Error_pGyYaFZ",
            "moduleName": "SecuredCalls",
            "static": true,
            "declAttributes": [
              "AccessControl"
            ],
            "funcSelfKind": "NonMutating"
          },
          {
            "kind": "Function",
            "name": "timeoutAsync",
            "printedName": "timeoutAsync()",
            "children": [
              {
                "kind": "TypeNominal",
                "name": "Void",
                "printedName": "()"
              }
            ],
            "declKind": "Func",
            "usr": "s:12SecuredCalls2SCC12timeoutAsyncyyYaFZ",
            "mangledName": "$s12SecuredCalls2SCC12timeoutAsyncyyYaFZ",
            "moduleName": "SecuredCalls",
            "static": true,
            "declAttributes": [
              "AccessControl"
            ],
            "funcSelfKind": "NonMutating"
          }
        ],
        "declKind": "Class",
        "usr": "s:12SecuredCalls2SCC",
        "mangledName": "$s12SecuredCalls2SCC",
        "moduleName": "SecuredCalls",
        "declAttributes": [
          "AccessControl"
        ],
        "hasMissingDesignatedInitializers": true
      },
      {
        "kind": "Import",
        "name": "Foundation",
        "printedName": "Foundation",
        "declKind": "Import",
        "moduleName": "SecuredCalls",
        "declAttributes": [
          "RawDocComment"
        ]
      },
      {
        "kind": "Import",
        "name": "Foundation",
        "printedName": "Foundation",
        "declKind": "Import",
        "moduleName": "SecuredCalls",
        "declAttributes": [
          "RawDocComment"
        ]
      },
      {
        "kind": "Import",
        "name": "UIKit",
        "printedName": "UIKit",
        "declKind": "Import",
        "moduleName": "SecuredCalls"
      },
      {
        "kind": "Import",
        "name": "Foundation",
        "printedName": "Foundation",
        "declKind": "Import",
        "moduleName": "SecuredCalls",
        "declAttributes": [
          "RawDocComment"
        ]
      },
      {
        "kind": "Import",
        "name": "CoreData",
        "printedName": "CoreData",
        "declKind": "Import",
        "moduleName": "SecuredCalls"
      },
      {
        "kind": "Import",
        "name": "Foundation",
        "printedName": "Foundation",
        "declKind": "Import",
        "moduleName": "SecuredCalls",
        "declAttributes": [
          "RawDocComment"
        ]
      },
      {
        "kind": "Import",
        "name": "Swinject",
        "printedName": "Swinject",
        "declKind": "Import",
        "moduleName": "SecuredCalls"
      },
      {
        "kind": "Import",
        "name": "Foundation",
        "printedName": "Foundation",
        "declKind": "Import",
        "moduleName": "SecuredCalls",
        "declAttributes": [
          "RawDocComment"
        ]
      },
      {
        "kind": "Import",
        "name": "Contacts",
        "printedName": "Contacts",
        "declKind": "Import",
        "moduleName": "SecuredCalls",
        "declAttributes": [
          "RawDocComment"
        ]
      },
      {
        "kind": "Import",
        "name": "Foundation",
        "printedName": "Foundation",
        "declKind": "Import",
        "moduleName": "SecuredCalls"
      },
      {
        "kind": "Import",
        "name": "os",
        "printedName": "os",
        "declKind": "Import",
        "moduleName": "SecuredCalls"
      },
      {
        "kind": "Import",
        "name": "UIKit",
        "printedName": "UIKit",
        "declKind": "Import",
        "moduleName": "SecuredCalls"
      },
      {
        "kind": "Import",
        "name": "Foundation",
        "printedName": "Foundation",
        "declKind": "Import",
        "moduleName": "SecuredCalls",
        "declAttributes": [
          "RawDocComment"
        ]
      },
      {
        "kind": "Import",
        "name": "CoreData",
        "printedName": "CoreData",
        "declKind": "Import",
        "moduleName": "SecuredCalls"
      },
      {
        "kind": "Import",
        "name": "Foundation",
        "printedName": "Foundation",
        "declKind": "Import",
        "moduleName": "SecuredCalls",
        "declAttributes": [
          "RawDocComment"
        ]
      },
      {
        "kind": "Import",
        "name": "Foundation",
        "printedName": "Foundation",
        "declKind": "Import",
        "moduleName": "SecuredCalls",
        "declAttributes": [
          "RawDocComment"
        ]
      },
      {
        "kind": "Import",
        "name": "Foundation",
        "printedName": "Foundation",
        "declKind": "Import",
        "moduleName": "SecuredCalls",
        "declAttributes": [
          "RawDocComment"
        ]
      },
      {
        "kind": "TypeDecl",
        "name": "RegisterationStatus",
        "printedName": "RegisterationStatus",
        "children": [
          {
            "kind": "Var",
            "name": "unregistered",
            "printedName": "unregistered",
            "children": [
              {
                "kind": "TypeFunc",
                "name": "Function",
                "printedName": "(SecuredCalls.RegisterationStatus.Type) -> SecuredCalls.RegisterationStatus",
                "children": [
                  {
                    "kind": "TypeNominal",
                    "name": "RegisterationStatus",
                    "printedName": "SecuredCalls.RegisterationStatus",
                    "usr": "s:12SecuredCalls19RegisterationStatusO"
                  },
                  {
                    "kind": "TypeNominal",
                    "name": "Metatype",
                    "printedName": "SecuredCalls.RegisterationStatus.Type",
                    "children": [
                      {
                        "kind": "TypeNominal",
                        "name": "RegisterationStatus",
                        "printedName": "SecuredCalls.RegisterationStatus",
                        "usr": "s:12SecuredCalls19RegisterationStatusO"
                      }
                    ]
                  }
                ]
              }
            ],
            "declKind": "EnumElement",
            "usr": "s:12SecuredCalls19RegisterationStatusO12unregisteredyA2CmF",
            "mangledName": "$s12SecuredCalls19RegisterationStatusO12unregisteredyA2CmF",
            "moduleName": "SecuredCalls"
          },
          {
            "kind": "Var",
            "name": "numberSaved",
            "printedName": "numberSaved",
            "children": [
              {
                "kind": "TypeFunc",
                "name": "Function",
                "printedName": "(SecuredCalls.RegisterationStatus.Type) -> SecuredCalls.RegisterationStatus",
                "children": [
                  {
                    "kind": "TypeNominal",
                    "name": "RegisterationStatus",
                    "printedName": "SecuredCalls.RegisterationStatus",
                    "usr": "s:12SecuredCalls19RegisterationStatusO"
                  },
                  {
                    "kind": "TypeNominal",
                    "name": "Metatype",
                    "printedName": "SecuredCalls.RegisterationStatus.Type",
                    "children": [
                      {
                        "kind": "TypeNominal",
                        "name": "RegisterationStatus",
                        "printedName": "SecuredCalls.RegisterationStatus",
                        "usr": "s:12SecuredCalls19RegisterationStatusO"
                      }
                    ]
                  }
                ]
              }
            ],
            "declKind": "EnumElement",
            "usr": "s:12SecuredCalls19RegisterationStatusO11numberSavedyA2CmF",
            "mangledName": "$s12SecuredCalls19RegisterationStatusO11numberSavedyA2CmF",
            "moduleName": "SecuredCalls"
          },
          {
            "kind": "Var",
            "name": "contactsPermissionGranted",
            "printedName": "contactsPermissionGranted",
            "children": [
              {
                "kind": "TypeFunc",
                "name": "Function",
                "printedName": "(SecuredCalls.RegisterationStatus.Type) -> SecuredCalls.RegisterationStatus",
                "children": [
                  {
                    "kind": "TypeNominal",
                    "name": "RegisterationStatus",
                    "printedName": "SecuredCalls.RegisterationStatus",
                    "usr": "s:12SecuredCalls19RegisterationStatusO"
                  },
                  {
                    "kind": "TypeNominal",
                    "name": "Metatype",
                    "printedName": "SecuredCalls.RegisterationStatus.Type",
                    "children": [
                      {
                        "kind": "TypeNominal",
                        "name": "RegisterationStatus",
                        "printedName": "SecuredCalls.RegisterationStatus",
                        "usr": "s:12SecuredCalls19RegisterationStatusO"
                      }
                    ]
                  }
                ]
              }
            ],
            "declKind": "EnumElement",
            "usr": "s:12SecuredCalls19RegisterationStatusO25contactsPermissionGrantedyA2CmF",
            "mangledName": "$s12SecuredCalls19RegisterationStatusO25contactsPermissionGrantedyA2CmF",
            "moduleName": "SecuredCalls"
          },
          {
            "kind": "Var",
            "name": "notificationTokenAcquired",
            "printedName": "notificationTokenAcquired",
            "children": [
              {
                "kind": "TypeFunc",
                "name": "Function",
                "printedName": "(SecuredCalls.RegisterationStatus.Type) -> SecuredCalls.RegisterationStatus",
                "children": [
                  {
                    "kind": "TypeNominal",
                    "name": "RegisterationStatus",
                    "printedName": "SecuredCalls.RegisterationStatus",
                    "usr": "s:12SecuredCalls19RegisterationStatusO"
                  },
                  {
                    "kind": "TypeNominal",
                    "name": "Metatype",
                    "printedName": "SecuredCalls.RegisterationStatus.Type",
                    "children": [
                      {
                        "kind": "TypeNominal",
                        "name": "RegisterationStatus",
                        "printedName": "SecuredCalls.RegisterationStatus",
                        "usr": "s:12SecuredCalls19RegisterationStatusO"
                      }
                    ]
                  }
                ]
              }
            ],
            "declKind": "EnumElement",
            "usr": "s:12SecuredCalls19RegisterationStatusO25notificationTokenAcquiredyA2CmF",
            "mangledName": "$s12SecuredCalls19RegisterationStatusO25notificationTokenAcquiredyA2CmF",
            "moduleName": "SecuredCalls"
          },
          {
            "kind": "Constructor",
            "name": "init",
            "printedName": "init(rawValue:)",
            "children": [
              {
                "kind": "TypeNominal",
                "name": "Optional",
                "printedName": "SecuredCalls.RegisterationStatus?",
                "children": [
                  {
                    "kind": "TypeNominal",
                    "name": "RegisterationStatus",
                    "printedName": "SecuredCalls.RegisterationStatus",
                    "usr": "s:12SecuredCalls19RegisterationStatusO"
                  }
                ],
                "usr": "s:Sq"
              },
              {
                "kind": "TypeNominal",
                "name": "Int16",
                "printedName": "Swift.Int16",
                "usr": "s:s5Int16V"
              }
            ],
            "declKind": "Constructor",
            "usr": "s:12SecuredCalls19RegisterationStatusO8rawValueACSgs5Int16V_tcfc",
            "mangledName": "$s12SecuredCalls19RegisterationStatusO8rawValueACSgs5Int16V_tcfc",
            "moduleName": "SecuredCalls",
            "implicit": true,
            "init_kind": "Designated"
          },
          {
            "kind": "Var",
            "name": "rawValue",
            "printedName": "rawValue",
            "children": [
              {
                "kind": "TypeNominal",
                "name": "Int16",
                "printedName": "Swift.Int16",
                "usr": "s:s5Int16V"
              }
            ],
            "declKind": "Var",
            "usr": "s:12SecuredCalls19RegisterationStatusO8rawValues5Int16Vvp",
            "mangledName": "$s12SecuredCalls19RegisterationStatusO8rawValues5Int16Vvp",
            "moduleName": "SecuredCalls",
            "implicit": true,
            "accessors": [
              {
                "kind": "Accessor",
                "name": "Get",
                "printedName": "Get()",
                "children": [
                  {
                    "kind": "TypeNominal",
                    "name": "Int16",
                    "printedName": "Swift.Int16",
                    "usr": "s:s5Int16V"
                  }
                ],
                "declKind": "Accessor",
                "usr": "s:12SecuredCalls19RegisterationStatusO8rawValues5Int16Vvg",
                "mangledName": "$s12SecuredCalls19RegisterationStatusO8rawValues5Int16Vvg",
                "moduleName": "SecuredCalls",
                "implicit": true,
                "accessorKind": "get"
              }
            ]
          }
        ],
        "declKind": "Enum",
        "usr": "s:12SecuredCalls19RegisterationStatusO",
        "mangledName": "$s12SecuredCalls19RegisterationStatusO",
        "moduleName": "SecuredCalls",
        "declAttributes": [
          "AccessControl"
        ],
        "enumRawTypeName": "Int16",
        "conformances": [
          {
            "kind": "Conformance",
            "name": "Equatable",
            "printedName": "Equatable",
            "usr": "s:SQ",
            "mangledName": "$sSQ"
          },
          {
            "kind": "Conformance",
            "name": "Hashable",
            "printedName": "Hashable",
            "usr": "s:SH",
            "mangledName": "$sSH"
          },
          {
            "kind": "Conformance",
            "name": "RawRepresentable",
            "printedName": "RawRepresentable",
            "children": [
              {
                "kind": "TypeWitness",
                "name": "RawValue",
                "printedName": "RawValue",
                "children": [
                  {
                    "kind": "TypeNominal",
                    "name": "Int16",
                    "printedName": "Swift.Int16",
                    "usr": "s:s5Int16V"
                  }
                ]
              }
            ],
            "usr": "s:SY",
            "mangledName": "$sSY"
          }
        ]
      },
      {
        "kind": "Import",
        "name": "CoreData",
        "printedName": "CoreData",
        "declKind": "Import",
        "moduleName": "SecuredCalls",
        "declAttributes": [
          "RawDocComment"
        ]
      },
      {
        "kind": "Import",
        "name": "Foundation",
        "printedName": "Foundation",
        "declKind": "Import",
        "moduleName": "SecuredCalls"
      },
      {
        "kind": "Import",
        "name": "Foundation",
        "printedName": "Foundation",
        "declKind": "Import",
        "moduleName": "SecuredCalls",
        "declAttributes": [
          "RawDocComment"
        ]
      },
      {
        "kind": "Import",
        "name": "Foundation",
        "printedName": "Foundation",
        "declKind": "Import",
        "moduleName": "SecuredCalls",
        "declAttributes": [
          "RawDocComment"
        ]
      },
      {
        "kind": "Import",
        "name": "Foundation",
        "printedName": "Foundation",
        "declKind": "Import",
        "moduleName": "SecuredCalls",
        "declAttributes": [
          "RawDocComment"
        ]
      },
      {
        "kind": "Import",
        "name": "Foundation",
        "printedName": "Foundation",
        "declKind": "Import",
        "moduleName": "SecuredCalls",
        "declAttributes": [
          "RawDocComment"
        ]
      },
      {
        "kind": "Import",
        "name": "Foundation",
        "printedName": "Foundation",
        "declKind": "Import",
        "moduleName": "SecuredCalls",
        "declAttributes": [
          "RawDocComment"
        ]
      },
      {
        "kind": "Import",
        "name": "Contacts",
        "printedName": "Contacts",
        "declKind": "Import",
        "moduleName": "SecuredCalls",
        "declAttributes": [
          "RawDocComment"
        ]
      },
      {
        "kind": "Import",
        "name": "Foundation",
        "printedName": "Foundation",
        "declKind": "Import",
        "moduleName": "SecuredCalls"
      },
      {
        "kind": "Import",
        "name": "Foundation",
        "printedName": "Foundation",
        "declKind": "Import",
        "moduleName": "SecuredCalls",
        "declAttributes": [
          "RawDocComment"
        ]
      },
      {
        "kind": "Import",
        "name": "CoreData",
        "printedName": "CoreData",
        "declKind": "Import",
        "moduleName": "SecuredCalls",
        "declAttributes": [
          "RawDocComment"
        ]
      },
      {
        "kind": "Import",
        "name": "Foundation",
        "printedName": "Foundation",
        "declKind": "Import",
        "moduleName": "SecuredCalls"
      },
      {
        "kind": "Import",
        "name": "Foundation",
        "printedName": "Foundation",
        "declKind": "Import",
        "moduleName": "SecuredCalls",
        "declAttributes": [
          "RawDocComment"
        ]
      },
      {
        "kind": "Import",
        "name": "CoreData",
        "printedName": "CoreData",
        "declKind": "Import",
        "moduleName": "SecuredCalls"
      },
      {
        "kind": "Import",
        "name": "Swinject",
        "printedName": "Swinject",
        "declKind": "Import",
        "moduleName": "SecuredCalls"
      },
      {
        "kind": "Import",
        "name": "SwinjectAutoregistration",
        "printedName": "SwinjectAutoregistration",
        "declKind": "Import",
        "moduleName": "SecuredCalls"
      },
      {
        "kind": "Import",
        "name": "Foundation",
        "printedName": "Foundation",
        "declKind": "Import",
        "moduleName": "SecuredCalls",
        "declAttributes": [
          "RawDocComment"
        ]
      },
      {
        "kind": "Import",
        "name": "Foundation",
        "printedName": "Foundation",
        "declKind": "Import",
        "moduleName": "SecuredCalls",
        "declAttributes": [
          "RawDocComment"
        ]
      },
      {
        "kind": "Import",
        "name": "Foundation",
        "printedName": "Foundation",
        "declKind": "Import",
        "moduleName": "SecuredCalls",
        "declAttributes": [
          "RawDocComment"
        ]
      },
      {
        "kind": "Import",
        "name": "Foundation",
        "printedName": "Foundation",
        "declKind": "Import",
        "moduleName": "SecuredCalls",
        "declAttributes": [
          "RawDocComment"
        ]
      },
      {
        "kind": "Import",
        "name": "Foundation",
        "printedName": "Foundation",
        "declKind": "Import",
        "moduleName": "SecuredCalls",
        "declAttributes": [
          "RawDocComment"
        ]
      },
      {
        "kind": "Import",
        "name": "Foundation",
        "printedName": "Foundation",
        "declKind": "Import",
        "moduleName": "SecuredCalls",
        "declAttributes": [
          "RawDocComment"
        ]
      },
      {
        "kind": "Import",
        "name": "Foundation",
        "printedName": "Foundation",
        "declKind": "Import",
        "moduleName": "SecuredCalls",
        "declAttributes": [
          "RawDocComment"
        ]
      },
      {
        "kind": "Import",
        "name": "CoreData",
        "printedName": "CoreData",
        "declKind": "Import",
        "moduleName": "SecuredCalls"
      },
      {
        "kind": "Import",
        "name": "Foundation",
        "printedName": "Foundation",
        "declKind": "Import",
        "moduleName": "SecuredCalls",
        "declAttributes": [
          "RawDocComment"
        ]
      },
      {
        "kind": "Import",
        "name": "Foundation",
        "printedName": "Foundation",
        "declKind": "Import",
        "moduleName": "SecuredCalls",
        "declAttributes": [
          "RawDocComment"
        ]
      },
      {
        "kind": "Import",
        "name": "Foundation",
        "printedName": "Foundation",
        "declKind": "Import",
        "moduleName": "SecuredCalls",
        "declAttributes": [
          "RawDocComment"
        ]
      }
    ],
    "json_format_version": 8
  },
  "ConstValues": [
    {
      "filePath": "\/Users\/krishnakant\/actions-runner\/_work\/sc-branding-ios-sdk\/sc-branding-ios-sdk\/SecuredCalls\/Implementations\/APIService.swift",
      "kind": "StringLiteral",
      "offset": 170,
      "length": 35,
      "value": "\"https:\/\/api.dev.securedcalls.com\/\""
    },
    {
      "filePath": "\/Users\/krishnakant\/actions-runner\/_work\/sc-branding-ios-sdk\/sc-branding-ios-sdk\/SecuredCalls\/Enums\/RegisterationStatus.swift",
      "kind": "IntegerLiteral",
      "offset": 177,
      "length": 11,
      "value": "1"
    },
    {
      "filePath": "\/Users\/krishnakant\/actions-runner\/_work\/sc-branding-ios-sdk\/sc-branding-ios-sdk\/SecuredCalls\/Enums\/RegisterationStatus.swift",
      "kind": "IntegerLiteral",
      "offset": 195,
      "length": 25,
      "value": "2"
    },
    {
      "filePath": "\/Users\/krishnakant\/actions-runner\/_work\/sc-branding-ios-sdk\/sc-branding-ios-sdk\/SecuredCalls\/Enums\/RegisterationStatus.swift",
      "kind": "IntegerLiteral",
      "offset": 227,
      "length": 25,
      "value": "3"
    },
    {
      "filePath": "\/Users\/krishnakant\/actions-runner\/_work\/sc-branding-ios-sdk\/sc-branding-ios-sdk\/SecuredCalls\/Enums\/RegisterationStatus.swift",
      "kind": "IntegerLiteral",
      "offset": 177,
      "length": 11,
      "value": "1"
    },
    {
      "filePath": "\/Users\/krishnakant\/actions-runner\/_work\/sc-branding-ios-sdk\/sc-branding-ios-sdk\/SecuredCalls\/Enums\/RegisterationStatus.swift",
      "kind": "IntegerLiteral",
      "offset": 195,
      "length": 25,
      "value": "2"
    },
    {
      "filePath": "\/Users\/krishnakant\/actions-runner\/_work\/sc-branding-ios-sdk\/sc-branding-ios-sdk\/SecuredCalls\/Enums\/RegisterationStatus.swift",
      "kind": "IntegerLiteral",
      "offset": 227,
      "length": 25,
      "value": "3"
    },
    {
      "filePath": "\/Users\/krishnakant\/actions-runner\/_work\/sc-branding-ios-sdk\/sc-branding-ios-sdk\/SecuredCalls\/Enums\/RegisterationStatus.swift",
      "kind": "IntegerLiteral",
      "offset": 177,
      "length": 11,
      "value": "1"
    },
    {
      "filePath": "\/Users\/krishnakant\/actions-runner\/_work\/sc-branding-ios-sdk\/sc-branding-ios-sdk\/SecuredCalls\/Enums\/RegisterationStatus.swift",
      "kind": "IntegerLiteral",
      "offset": 195,
      "length": 25,
      "value": "2"
    },
    {
      "filePath": "\/Users\/krishnakant\/actions-runner\/_work\/sc-branding-ios-sdk\/sc-branding-ios-sdk\/SecuredCalls\/Enums\/RegisterationStatus.swift",
      "kind": "IntegerLiteral",
      "offset": 227,
      "length": 25,
      "value": "3"
    },
    {
      "filePath": "\/Users\/krishnakant\/actions-runner\/_work\/sc-branding-ios-sdk\/sc-branding-ios-sdk\/SecuredCalls\/Data Access Layer\/CoreDataStack.swift",
      "kind": "StringLiteral",
      "offset": 242,
      "length": 24,
      "value": "\"com.ec.sc.SecuredCalls\""
    },
    {
      "filePath": "\/Users\/krishnakant\/actions-runner\/_work\/sc-branding-ios-sdk\/sc-branding-ios-sdk\/SecuredCalls\/Data Access Layer\/CoreDataStack.swift",
      "kind": "StringLiteral",
      "offset": 445,
      "length": 18,
      "value": "\"SecuredCallsData\""
    }
  ]
}